client_code,product,push_notification
CLIENT_001,–ö–∞—Ä—Ç–∞ –¥–ª—è –ø—É—Ç–µ—à–µ—Å—Ç–≤–∏–π,üåç –ö–∞—Ä—Ç–∞ –¥–ª—è –ø—É—Ç–µ—à–µ—Å—Ç–≤–∏–π —Å –∫—ç—à–±—ç–∫–æ–º –¥–æ 5% –Ω–∞ –æ—Ç–µ–ª–∏ –∏ —Ç–∞–∫—Å–∏. –ö—ç—à–±—ç–∫ 5% –Ω–∞ –ø–æ–∫—É–ø–∫–∏ –≤ –≤–∞–ª—é—Ç–µ! –û—Ñ–æ—Ä–º–∏—Ç–µ —Å–µ–π—á–∞—Å –∏ —ç–∫–æ–Ω–æ–º—å—Ç–µ –Ω–∞ –∫–∞–∂–¥–æ–π –ø–æ–µ–∑–¥–∫–µ.
CLIENT_002,–ü—Ä–µ–º–∏–∞–ª—å–Ω–∞—è –∫–∞—Ä—Ç–∞,üíé –ü—Ä–µ–º–∏–∞–ª—å–Ω–∞—è –∫–∞—Ä—Ç–∞ —Å —ç–∫—Å–∫–ª—é–∑–∏–≤–Ω—ã–º–∏ –ø—Ä–∏–≤–∏–ª–µ–≥–∏—è–º–∏. –î–æ—Å—Ç—É–ø –∫ VIP-–∑–∞–ª–∞–º –∏ –ø–µ—Ä—Å–æ–Ω–∞–ª—å–Ω–æ–º—É –º–µ–Ω–µ–¥–∂–µ—Ä—É! –ü–æ–≤—ã—Å—å—Ç–µ —Å—Ç–∞—Ç—É—Å —É–∂–µ —Å–µ–≥–æ–¥–Ω—è.
CLIENT_003,–ü—Ä–µ–º–∏–∞–ª—å–Ω–∞—è –∫–∞—Ä—Ç–∞,üíé –ü—Ä–µ–º–∏–∞–ª—å–Ω–∞—è –∫–∞—Ä—Ç–∞ —Å —ç–∫—Å–∫–ª—é–∑–∏–≤–Ω—ã–º–∏ –ø—Ä–∏–≤–∏–ª–µ–≥–∏—è–º–∏. –î–æ—Å—Ç—É–ø –∫ VIP-–∑–∞–ª–∞–º –∏ –ø–µ—Ä—Å–æ–Ω–∞–ª—å–Ω–æ–º—É –º–µ–Ω–µ–¥–∂–µ—Ä—É! –ü–æ–≤—ã—Å—å—Ç–µ —Å—Ç–∞—Ç—É—Å —É–∂–µ —Å–µ–≥–æ–¥–Ω—è.
CLIENT_004,–ö–∞—Ä—Ç–∞ –¥–ª—è –ø—É—Ç–µ—à–µ—Å—Ç–≤–∏–π,üåç –ö–∞—Ä—Ç–∞ –¥–ª—è –ø—É—Ç–µ—à–µ—Å—Ç–≤–∏–π —Å –∫—ç—à–±—ç–∫–æ–º –¥–æ 5% –Ω–∞ –æ—Ç–µ–ª–∏ –∏ —Ç–∞–∫—Å–∏. –ö—ç—à–±—ç–∫ 5% –Ω–∞ –ø–æ–∫—É–ø–∫–∏ –≤ –≤–∞–ª—é—Ç–µ! –û—Ñ–æ—Ä–º–∏—Ç–µ —Å–µ–π—á–∞—Å –∏ —ç–∫–æ–Ω–æ–º—å—Ç–µ –Ω–∞ –∫–∞–∂–¥–æ–π –ø–æ–µ–∑–¥–∫–µ.
CLIENT_005,–ü—Ä–µ–º–∏–∞–ª—å–Ω–∞—è –∫–∞—Ä—Ç–∞,üíé –ü—Ä–µ–º–∏–∞–ª—å–Ω–∞—è –∫–∞—Ä—Ç–∞ —Å —ç–∫—Å–∫–ª—é–∑–∏–≤–Ω—ã–º–∏ –ø—Ä–∏–≤–∏–ª–µ–≥–∏—è–º–∏. –î–æ—Å—Ç—É–ø –∫ VIP-–∑–∞–ª–∞–º –∏ –ø–µ—Ä—Å–æ–Ω–∞–ª—å–Ω–æ–º—É –º–µ–Ω–µ–¥–∂–µ—Ä—É! –ü–æ–≤—ã—Å—å—Ç–µ —Å—Ç–∞—Ç—É—Å —É–∂–µ —Å–µ–≥–æ–¥–Ω—è.
CLIENT_006,–ü—Ä–µ–º–∏–∞–ª—å–Ω–∞—è –∫–∞—Ä—Ç–∞,üíé –ü—Ä–µ–º–∏–∞–ª—å–Ω–∞—è –∫–∞—Ä—Ç–∞ —Å —ç–∫—Å–∫–ª—é–∑–∏–≤–Ω—ã–º–∏ –ø—Ä–∏–≤–∏–ª–µ–≥–∏—è–º–∏. –î–æ—Å—Ç—É–ø –∫ VIP-–∑–∞–ª–∞–º –∏ –ø–µ—Ä—Å–æ–Ω–∞–ª—å–Ω–æ–º—É –º–µ–Ω–µ–¥–∂–µ—Ä—É! –ü–æ–≤—ã—Å—å—Ç–µ —Å—Ç–∞—Ç—É—Å —É–∂–µ —Å–µ–≥–æ–¥–Ω—è.
CLIENT_007,–ö–∞—Ä—Ç–∞ –¥–ª—è –ø—É—Ç–µ—à–µ—Å—Ç–≤–∏–π,üåç –ö–∞—Ä—Ç–∞ –¥–ª—è –ø—É—Ç–µ—à–µ—Å—Ç–≤–∏–π —Å –∫—ç—à–±—ç–∫–æ–º –¥–æ 5% –Ω–∞ –æ—Ç–µ–ª–∏ –∏ —Ç–∞–∫—Å–∏. –ö—ç—à–±—ç–∫ 5% –Ω–∞ –ø–æ–∫—É–ø–∫–∏ –≤ –≤–∞–ª—é—Ç–µ! –û—Ñ–æ—Ä–º–∏—Ç–µ —Å–µ–π—á–∞—Å –∏ —ç–∫–æ–Ω–æ–º—å—Ç–µ –Ω–∞ –∫–∞–∂–¥–æ–π –ø–æ–µ–∑–¥–∫–µ.
CLIENT_008,–ö–∞—Ä—Ç–∞ –¥–ª—è –ø—É—Ç–µ—à–µ—Å—Ç–≤–∏–π,üåç –ö–∞—Ä—Ç–∞ –¥–ª—è –ø—É—Ç–µ—à–µ—Å—Ç–≤–∏–π —Å –∫—ç—à–±—ç–∫–æ–º –¥–æ 5% –Ω–∞ –æ—Ç–µ–ª–∏ –∏ —Ç–∞–∫—Å–∏. –ö—ç—à–±—ç–∫ 5% –Ω–∞ –ø–æ–∫—É–ø–∫–∏ –≤ –≤–∞–ª—é—Ç–µ! –û—Ñ–æ—Ä–º–∏—Ç–µ —Å–µ–π—á–∞—Å –∏ —ç–∫–æ–Ω–æ–º—å—Ç–µ –Ω–∞ –∫–∞–∂–¥–æ–π –ø–æ–µ–∑–¥–∫–µ.
CLIENT_009,–ü—Ä–µ–º–∏–∞–ª—å–Ω–∞—è –∫–∞—Ä—Ç–∞,üíé –ü—Ä–µ–º–∏–∞–ª—å–Ω–∞—è –∫–∞—Ä—Ç–∞ —Å —ç–∫—Å–∫–ª—é–∑–∏–≤–Ω—ã–º–∏ –ø—Ä–∏–≤–∏–ª–µ–≥–∏—è–º–∏. –î–æ—Å—Ç—É–ø –∫ VIP-–∑–∞–ª–∞–º –∏ –ø–µ—Ä—Å–æ–Ω–∞–ª—å–Ω–æ–º—É –º–µ–Ω–µ–¥–∂–µ—Ä—É! –ü–æ–≤—ã—Å—å—Ç–µ —Å—Ç–∞—Ç—É—Å —É–∂–µ —Å–µ–≥–æ–¥–Ω—è.
CLIENT_010,–ö–∞—Ä—Ç–∞ –¥–ª—è –ø—É—Ç–µ—à–µ—Å—Ç–≤–∏–π,üåç –ö–∞—Ä—Ç–∞ –¥–ª—è –ø—É—Ç–µ—à–µ—Å—Ç–≤–∏–π —Å –∫—ç—à–±—ç–∫–æ–º –¥–æ 5% –Ω–∞ –æ—Ç–µ–ª–∏ –∏ —Ç–∞–∫—Å–∏. –ö—ç—à–±—ç–∫ 5% –Ω–∞ –ø–æ–∫—É–ø–∫–∏ –≤ –≤–∞–ª—é—Ç–µ! –û—Ñ–æ—Ä–º–∏—Ç–µ —Å–µ–π—á–∞—Å –∏ —ç–∫–æ–Ω–æ–º—å—Ç–µ –Ω–∞ –∫–∞–∂–¥–æ–π –ø–æ–µ–∑–¥–∫–µ.
CLIENT_011,–ö–∞—Ä—Ç–∞ –¥–ª—è –ø—É—Ç–µ—à–µ—Å—Ç–≤–∏–π,üåç –ö–∞—Ä—Ç–∞ –¥–ª—è –ø—É—Ç–µ—à–µ—Å—Ç–≤–∏–π —Å –∫—ç—à–±—ç–∫–æ–º –¥–æ 5% –Ω–∞ –æ—Ç–µ–ª–∏ –∏ —Ç–∞–∫—Å–∏. –ö—ç—à–±—ç–∫ 5% –Ω–∞ –ø–æ–∫—É–ø–∫–∏ –≤ –≤–∞–ª—é—Ç–µ! –û—Ñ–æ—Ä–º–∏—Ç–µ —Å–µ–π—á–∞—Å –∏ —ç–∫–æ–Ω–æ–º—å—Ç–µ –Ω–∞ –∫–∞–∂–¥–æ–π –ø–æ–µ–∑–¥–∫–µ.
CLIENT_012,–ö–∞—Ä—Ç–∞ –¥–ª—è –ø—É—Ç–µ—à–µ—Å—Ç–≤–∏–π,üåç –ö–∞—Ä—Ç–∞ –¥–ª—è –ø—É—Ç–µ—à–µ—Å—Ç–≤–∏–π —Å –∫—ç—à–±—ç–∫–æ–º –¥–æ 5% –Ω–∞ –æ—Ç–µ–ª–∏ –∏ —Ç–∞–∫—Å–∏. –ö—ç—à–±—ç–∫ 5% –Ω–∞ –ø–æ–∫—É–ø–∫–∏ –≤ –≤–∞–ª—é—Ç–µ! –û—Ñ–æ—Ä–º–∏—Ç–µ —Å–µ–π—á–∞—Å –∏ —ç–∫–æ–Ω–æ–º—å—Ç–µ –Ω–∞ –∫–∞–∂–¥–æ–π –ø–æ–µ–∑–¥–∫–µ.
CLIENT_013,–ü—Ä–µ–º–∏–∞–ª—å–Ω–∞—è –∫–∞—Ä—Ç–∞,üíé –ü—Ä–µ–º–∏–∞–ª—å–Ω–∞—è –∫–∞—Ä—Ç–∞ —Å —ç–∫—Å–∫–ª—é–∑–∏–≤–Ω—ã–º–∏ –ø—Ä–∏–≤–∏–ª–µ–≥–∏—è–º–∏. –î–æ—Å—Ç—É–ø –∫ VIP-–∑–∞–ª–∞–º –∏ –ø–µ—Ä—Å–æ–Ω–∞–ª—å–Ω–æ–º—É –º–µ–Ω–µ–¥–∂–µ—Ä—É! –ü–æ–≤—ã—Å—å—Ç–µ —Å—Ç–∞—Ç—É—Å —É–∂–µ —Å–µ–≥–æ–¥–Ω—è.
CLIENT_014,–ö–∞—Ä—Ç–∞ –¥–ª—è –ø—É—Ç–µ—à–µ—Å—Ç–≤–∏–π,üåç –ö–∞—Ä—Ç–∞ –¥–ª—è –ø—É—Ç–µ—à–µ—Å—Ç–≤–∏–π —Å –∫—ç—à–±—ç–∫–æ–º –¥–æ 5% –Ω–∞ –æ—Ç–µ–ª–∏ –∏ —Ç–∞–∫—Å–∏. –ö—ç—à–±—ç–∫ 5% –Ω–∞ –ø–æ–∫—É–ø–∫–∏ –≤ –≤–∞–ª—é—Ç–µ! –û—Ñ–æ—Ä–º–∏—Ç–µ —Å–µ–π—á–∞—Å –∏ —ç–∫–æ–Ω–æ–º—å—Ç–µ –Ω–∞ –∫–∞–∂–¥–æ–π –ø–æ–µ–∑–¥–∫–µ.
CLIENT_015,–ö–∞—Ä—Ç–∞ –¥–ª—è –ø—É—Ç–µ—à–µ—Å—Ç–≤–∏–π,üåç –ö–∞—Ä—Ç–∞ –¥–ª—è –ø—É—Ç–µ—à–µ—Å—Ç–≤–∏–π —Å –∫—ç—à–±—ç–∫–æ–º –¥–æ 5% –Ω–∞ –æ—Ç–µ–ª–∏ –∏ —Ç–∞–∫—Å–∏. –ö—ç—à–±—ç–∫ 5% –Ω–∞ –ø–æ–∫—É–ø–∫–∏ –≤ –≤–∞–ª—é—Ç–µ! –û—Ñ–æ—Ä–º–∏—Ç–µ —Å–µ–π—á–∞—Å –∏ —ç–∫–æ–Ω–æ–º—å—Ç–µ –Ω–∞ –∫–∞–∂–¥–æ–π –ø–æ–µ–∑–¥–∫–µ.
CLIENT_016,–ü—Ä–µ–º–∏–∞–ª—å–Ω–∞—è –∫–∞—Ä—Ç–∞,üíé –ü—Ä–µ–º–∏–∞–ª—å–Ω–∞—è –∫–∞—Ä—Ç–∞ —Å —ç–∫—Å–∫–ª—é–∑–∏–≤–Ω—ã–º–∏ –ø—Ä–∏–≤–∏–ª–µ–≥–∏—è–º–∏. –î–æ—Å—Ç—É–ø –∫ VIP-–∑–∞–ª–∞–º –∏ –ø–µ—Ä—Å–æ–Ω–∞–ª—å–Ω–æ–º—É –º–µ–Ω–µ–¥–∂–µ—Ä—É! –ü–æ–≤—ã—Å—å—Ç–µ —Å—Ç–∞—Ç—É—Å —É–∂–µ —Å–µ–≥–æ–¥–Ω—è.
CLIENT_017,–ü—Ä–µ–º–∏–∞–ª—å–Ω–∞—è –∫–∞—Ä—Ç–∞,üíé –ü—Ä–µ–º–∏–∞–ª—å–Ω–∞—è –∫–∞—Ä—Ç–∞ —Å —ç–∫—Å–∫–ª—é–∑–∏–≤–Ω—ã–º–∏ –ø—Ä–∏–≤–∏–ª–µ–≥–∏—è–º–∏. –î–æ—Å—Ç—É–ø –∫ VIP-–∑–∞–ª–∞–º –∏ –ø–µ—Ä—Å–æ–Ω–∞–ª—å–Ω–æ–º—É –º–µ–Ω–µ–¥–∂–µ—Ä—É! –ü–æ–≤—ã—Å—å—Ç–µ —Å—Ç–∞—Ç—É—Å —É–∂–µ —Å–µ–≥–æ–¥–Ω—è.
CLIENT_018,–ü—Ä–µ–º–∏–∞–ª—å–Ω–∞—è –∫–∞—Ä—Ç–∞,üíé –ü—Ä–µ–º–∏–∞–ª—å–Ω–∞—è –∫–∞—Ä—Ç–∞ —Å —ç–∫—Å–∫–ª—é–∑–∏–≤–Ω—ã–º–∏ –ø—Ä–∏–≤–∏–ª–µ–≥–∏—è–º–∏. –î–æ—Å—Ç—É–ø –∫ VIP-–∑–∞–ª–∞–º –∏ –ø–µ—Ä—Å–æ–Ω–∞–ª—å–Ω–æ–º—É –º–µ–Ω–µ–¥–∂–µ—Ä—É! –ü–æ–≤—ã—Å—å—Ç–µ —Å—Ç–∞—Ç—É—Å —É–∂–µ —Å–µ–≥–æ–¥–Ω—è.
CLIENT_019,–ö–∞—Ä—Ç–∞ –¥–ª—è –ø—É—Ç–µ—à–µ—Å—Ç–≤–∏–π,üåç –ö–∞—Ä—Ç–∞ –¥–ª—è –ø—É—Ç–µ—à–µ—Å—Ç–≤–∏–π —Å –∫—ç—à–±—ç–∫–æ–º –¥–æ 5% –Ω–∞ –æ—Ç–µ–ª–∏ –∏ —Ç–∞–∫—Å–∏. –ö—ç—à–±—ç–∫ 5% –Ω–∞ –ø–æ–∫—É–ø–∫–∏ –≤ –≤–∞–ª—é—Ç–µ! –û—Ñ–æ—Ä–º–∏—Ç–µ —Å–µ–π—á–∞—Å –∏ —ç–∫–æ–Ω–æ–º—å—Ç–µ –Ω–∞ –∫–∞–∂–¥–æ–π –ø–æ–µ–∑–¥–∫–µ.
CLIENT_020,–ö–∞—Ä—Ç–∞ –¥–ª—è –ø—É—Ç–µ—à–µ—Å—Ç–≤–∏–π,üåç –ö–∞—Ä—Ç–∞ –¥–ª—è –ø—É—Ç–µ—à–µ—Å—Ç–≤–∏–π —Å –∫—ç—à–±—ç–∫–æ–º –¥–æ 5% –Ω–∞ –æ—Ç–µ–ª–∏ –∏ —Ç–∞–∫—Å–∏. –ö—ç—à–±—ç–∫ 5% –Ω–∞ –ø–æ–∫—É–ø–∫–∏ –≤ –≤–∞–ª—é—Ç–µ! –û—Ñ–æ—Ä–º–∏—Ç–µ —Å–µ–π—á–∞—Å –∏ —ç–∫–æ–Ω–æ–º—å—Ç–µ –Ω–∞ –∫–∞–∂–¥–æ–π –ø–æ–µ–∑–¥–∫–µ.
CLIENT_021,–ü—Ä–µ–º–∏–∞–ª—å–Ω–∞—è –∫–∞—Ä—Ç–∞,üíé –ü—Ä–µ–º–∏–∞–ª—å–Ω–∞—è –∫–∞—Ä—Ç–∞ —Å —ç–∫—Å–∫–ª—é–∑–∏–≤–Ω—ã–º–∏ –ø—Ä–∏–≤–∏–ª–µ–≥–∏—è–º–∏. –î–æ—Å—Ç—É–ø –∫ VIP-–∑–∞–ª–∞–º –∏ –ø–µ—Ä—Å–æ–Ω–∞–ª—å–Ω–æ–º—É –º–µ–Ω–µ–¥–∂–µ—Ä—É! –ü–æ–≤—ã—Å—å—Ç–µ —Å—Ç–∞—Ç—É—Å —É–∂–µ —Å–µ–≥–æ–¥–Ω—è.
CLIENT_022,–ö–∞—Ä—Ç–∞ –¥–ª—è –ø—É—Ç–µ—à–µ—Å—Ç–≤–∏–π,üåç –ö–∞—Ä—Ç–∞ –¥–ª—è –ø—É—Ç–µ—à–µ—Å—Ç–≤–∏–π —Å –∫—ç—à–±—ç–∫–æ–º –¥–æ 5% –Ω–∞ –æ—Ç–µ–ª–∏ –∏ —Ç–∞–∫—Å–∏. –ö—ç—à–±—ç–∫ 5% –Ω–∞ –ø–æ–∫—É–ø–∫–∏ –≤ –≤–∞–ª—é—Ç–µ! –û—Ñ–æ—Ä–º–∏—Ç–µ —Å–µ–π—á–∞—Å –∏ —ç–∫–æ–Ω–æ–º—å—Ç–µ –Ω–∞ –∫–∞–∂–¥–æ–π –ø–æ–µ–∑–¥–∫–µ.
CLIENT_023,–ü—Ä–µ–º–∏–∞–ª—å–Ω–∞—è –∫–∞—Ä—Ç–∞,üíé –ü—Ä–µ–º–∏–∞–ª—å–Ω–∞—è –∫–∞—Ä—Ç–∞ —Å —ç–∫—Å–∫–ª—é–∑–∏–≤–Ω—ã–º–∏ –ø—Ä–∏–≤–∏–ª–µ–≥–∏—è–º–∏. –î–æ—Å—Ç—É–ø –∫ VIP-–∑–∞–ª–∞–º –∏ –ø–µ—Ä—Å–æ–Ω–∞–ª—å–Ω–æ–º—É –º–µ–Ω–µ–¥–∂–µ—Ä—É! –ü–æ–≤—ã—Å—å—Ç–µ —Å—Ç–∞—Ç—É—Å —É–∂–µ —Å–µ–≥–æ–¥–Ω—è.
CLIENT_024,–ö–∞—Ä—Ç–∞ –¥–ª—è –ø—É—Ç–µ—à–µ—Å—Ç–≤–∏–π,üåç –ö–∞—Ä—Ç–∞ –¥–ª—è –ø—É—Ç–µ—à–µ—Å—Ç–≤–∏–π —Å –∫—ç—à–±—ç–∫–æ–º –¥–æ 5% –Ω–∞ –æ—Ç–µ–ª–∏ –∏ —Ç–∞–∫—Å–∏. –ö—ç—à–±—ç–∫ 5% –Ω–∞ –ø–æ–∫—É–ø–∫–∏ –≤ –≤–∞–ª—é—Ç–µ! –û—Ñ–æ—Ä–º–∏—Ç–µ —Å–µ–π—á–∞—Å –∏ —ç–∫–æ–Ω–æ–º—å—Ç–µ –Ω–∞ –∫–∞–∂–¥–æ–π –ø–æ–µ–∑–¥–∫–µ.
CLIENT_025,–ö–∞—Ä—Ç–∞ –¥–ª—è –ø—É—Ç–µ—à–µ—Å—Ç–≤–∏–π,üåç –ö–∞—Ä—Ç–∞ –¥–ª—è –ø—É—Ç–µ—à–µ—Å—Ç–≤–∏–π —Å –∫—ç—à–±—ç–∫–æ–º –¥–æ 5% –Ω–∞ –æ—Ç–µ–ª–∏ –∏ —Ç–∞–∫—Å–∏. –ö—ç—à–±—ç–∫ 5% –Ω–∞ –ø–æ–∫—É–ø–∫–∏ –≤ –≤–∞–ª—é—Ç–µ! –û—Ñ–æ—Ä–º–∏—Ç–µ —Å–µ–π—á–∞—Å –∏ —ç–∫–æ–Ω–æ–º—å—Ç–µ –Ω–∞ –∫–∞–∂–¥–æ–π –ø–æ–µ–∑–¥–∫–µ.
CLIENT_026,–ü—Ä–µ–º–∏–∞–ª—å–Ω–∞—è –∫–∞—Ä—Ç–∞,üíé –ü—Ä–µ–º–∏–∞–ª—å–Ω–∞—è –∫–∞—Ä—Ç–∞ —Å —ç–∫—Å–∫–ª—é–∑–∏–≤–Ω—ã–º–∏ –ø—Ä–∏–≤–∏–ª–µ–≥–∏—è–º–∏. –î–æ—Å—Ç—É–ø –∫ VIP-–∑–∞–ª–∞–º –∏ –ø–µ—Ä—Å–æ–Ω–∞–ª—å–Ω–æ–º—É –º–µ–Ω–µ–¥–∂–µ—Ä—É! –ü–æ–≤—ã—Å—å—Ç–µ —Å—Ç–∞—Ç—É—Å —É–∂–µ —Å–µ–≥–æ–¥–Ω—è.
CLIENT_027,–ö–∞—Ä—Ç–∞ –¥–ª—è –ø—É—Ç–µ—à–µ—Å—Ç–≤–∏–π,üåç –ö–∞—Ä—Ç–∞ –¥–ª—è –ø—É—Ç–µ—à–µ—Å—Ç–≤–∏–π —Å –∫—ç—à–±—ç–∫–æ–º –¥–æ 5% –Ω–∞ –æ—Ç–µ–ª–∏ –∏ —Ç–∞–∫—Å–∏. –ö—ç—à–±—ç–∫ 5% –Ω–∞ –ø–æ–∫—É–ø–∫–∏ –≤ –≤–∞–ª—é—Ç–µ! –û—Ñ–æ—Ä–º–∏—Ç–µ —Å–µ–π—á–∞—Å –∏ —ç–∫–æ–Ω–æ–º—å—Ç–µ –Ω–∞ –∫–∞–∂–¥–æ–π –ø–æ–µ–∑–¥–∫–µ.
CLIENT_028,–ü—Ä–µ–º–∏–∞–ª—å–Ω–∞—è –∫–∞—Ä—Ç–∞,üíé –ü—Ä–µ–º–∏–∞–ª—å–Ω–∞—è –∫–∞—Ä—Ç–∞ —Å —ç–∫—Å–∫–ª—é–∑–∏–≤–Ω—ã–º–∏ –ø—Ä–∏–≤–∏–ª–µ–≥–∏—è–º–∏. –î–æ—Å—Ç—É–ø –∫ VIP-–∑–∞–ª–∞–º –∏ –ø–µ—Ä—Å–æ–Ω–∞–ª—å–Ω–æ–º—É –º–µ–Ω–µ–¥–∂–µ—Ä—É! –ü–æ–≤—ã—Å—å—Ç–µ —Å—Ç–∞—Ç—É—Å —É–∂–µ —Å–µ–≥–æ–¥–Ω—è.
CLIENT_029,–ö–∞—Ä—Ç–∞ –¥–ª—è –ø—É—Ç–µ—à–µ—Å—Ç–≤–∏–π,üåç –ö–∞—Ä—Ç–∞ –¥–ª—è –ø—É—Ç–µ—à–µ—Å—Ç–≤–∏–π —Å –∫—ç—à–±—ç–∫–æ–º –¥–æ 5% –Ω–∞ –æ—Ç–µ–ª–∏ –∏ —Ç–∞–∫—Å–∏. –ö—ç—à–±—ç–∫ 5% –Ω–∞ –ø–æ–∫—É–ø–∫–∏ –≤ –≤–∞–ª—é—Ç–µ! –û—Ñ–æ—Ä–º–∏—Ç–µ —Å–µ–π—á–∞—Å –∏ —ç–∫–æ–Ω–æ–º—å—Ç–µ –Ω–∞ –∫–∞–∂–¥–æ–π –ø–æ–µ–∑–¥–∫–µ.
CLIENT_030,–ü—Ä–µ–º–∏–∞–ª—å–Ω–∞—è –∫–∞—Ä—Ç–∞,üíé –ü—Ä–µ–º–∏–∞–ª—å–Ω–∞—è –∫–∞—Ä—Ç–∞ —Å —ç–∫—Å–∫–ª—é–∑–∏–≤–Ω—ã–º–∏ –ø—Ä–∏–≤–∏–ª–µ–≥–∏—è–º–∏. –î–æ—Å—Ç—É–ø –∫ VIP-–∑–∞–ª–∞–º –∏ –ø–µ—Ä—Å–æ–Ω–∞–ª—å–Ω–æ–º—É –º–µ–Ω–µ–¥–∂–µ—Ä—É! –ü–æ–≤—ã—Å—å—Ç–µ —Å—Ç–∞—Ç—É—Å —É–∂–µ —Å–µ–≥–æ–¥–Ω—è.
CLIENT_031,–ö–∞—Ä—Ç–∞ –¥–ª—è –ø—É—Ç–µ—à–µ—Å—Ç–≤–∏–π,üåç –ö–∞—Ä—Ç–∞ –¥–ª—è –ø—É—Ç–µ—à–µ—Å—Ç–≤–∏–π —Å –∫—ç—à–±—ç–∫–æ–º –¥–æ 5% –Ω–∞ –æ—Ç–µ–ª–∏ –∏ —Ç–∞–∫—Å–∏. –ö—ç—à–±—ç–∫ 5% –Ω–∞ –ø–æ–∫—É–ø–∫–∏ –≤ –≤–∞–ª—é—Ç–µ! –û—Ñ–æ—Ä–º–∏—Ç–µ —Å–µ–π—á–∞—Å –∏ —ç–∫–æ–Ω–æ–º—å—Ç–µ –Ω–∞ –∫–∞–∂–¥–æ–π –ø–æ–µ–∑–¥–∫–µ.
CLIENT_032,–ö–∞—Ä—Ç–∞ –¥–ª—è –ø—É—Ç–µ—à–µ—Å—Ç–≤–∏–π,üåç –ö–∞—Ä—Ç–∞ –¥–ª—è –ø—É—Ç–µ—à–µ—Å—Ç–≤–∏–π —Å –∫—ç—à–±—ç–∫–æ–º –¥–æ 5% –Ω–∞ –æ—Ç–µ–ª–∏ –∏ —Ç–∞–∫—Å–∏. –ö—ç—à–±—ç–∫ 5% –Ω–∞ –ø–æ–∫—É–ø–∫–∏ –≤ –≤–∞–ª—é—Ç–µ! –û—Ñ–æ—Ä–º–∏—Ç–µ —Å–µ–π—á–∞—Å –∏ —ç–∫–æ–Ω–æ–º—å—Ç–µ –Ω–∞ –∫–∞–∂–¥–æ–π –ø–æ–µ–∑–¥–∫–µ.
CLIENT_033,–ü—Ä–µ–º–∏–∞–ª—å–Ω–∞—è –∫–∞—Ä—Ç–∞,üíé –ü—Ä–µ–º–∏–∞–ª—å–Ω–∞—è –∫–∞—Ä—Ç–∞ —Å —ç–∫—Å–∫–ª—é–∑–∏–≤–Ω—ã–º–∏ –ø—Ä–∏–≤–∏–ª–µ–≥–∏—è–º–∏. –î–æ—Å—Ç—É–ø –∫ VIP-–∑–∞–ª–∞–º –∏ –ø–µ—Ä—Å–æ–Ω–∞–ª—å–Ω–æ–º—É –º–µ–Ω–µ–¥–∂–µ—Ä—É! –ü–æ–≤—ã—Å—å—Ç–µ —Å—Ç–∞—Ç—É—Å —É–∂–µ —Å–µ–≥–æ–¥–Ω—è.
CLIENT_034,–ü—Ä–µ–º–∏–∞–ª—å–Ω–∞—è –∫–∞—Ä—Ç–∞,üíé –ü—Ä–µ–º–∏–∞–ª—å–Ω–∞—è –∫–∞—Ä—Ç–∞ —Å —ç–∫—Å–∫–ª—é–∑–∏–≤–Ω—ã–º–∏ –ø—Ä–∏–≤–∏–ª–µ–≥–∏—è–º–∏. –î–æ—Å—Ç—É–ø –∫ VIP-–∑–∞–ª–∞–º –∏ –ø–µ—Ä—Å–æ–Ω–∞–ª—å–Ω–æ–º—É –º–µ–Ω–µ–¥–∂–µ—Ä—É! –ü–æ–≤—ã—Å—å—Ç–µ —Å—Ç–∞—Ç—É—Å —É–∂–µ —Å–µ–≥–æ–¥–Ω—è.
CLIENT_035,–ö–∞—Ä—Ç–∞ –¥–ª—è –ø—É—Ç–µ—à–µ—Å—Ç–≤–∏–π,üåç –ö–∞—Ä—Ç–∞ –¥–ª—è –ø—É—Ç–µ—à–µ—Å—Ç–≤–∏–π —Å –∫—ç—à–±—ç–∫–æ–º –¥–æ 5% –Ω–∞ –æ—Ç–µ–ª–∏ –∏ —Ç–∞–∫—Å–∏. –ö—ç—à–±—ç–∫ 5% –Ω–∞ –ø–æ–∫—É–ø–∫–∏ –≤ –≤–∞–ª—é—Ç–µ! –û—Ñ–æ—Ä–º–∏—Ç–µ —Å–µ–π—á–∞—Å –∏ —ç–∫–æ–Ω–æ–º—å—Ç–µ –Ω–∞ –∫–∞–∂–¥–æ–π –ø–æ–µ–∑–¥–∫–µ.
CLIENT_036,–ö–∞—Ä—Ç–∞ –¥–ª—è –ø—É—Ç–µ—à–µ—Å—Ç–≤–∏–π,üåç –ö–∞—Ä—Ç–∞ –¥–ª—è –ø—É—Ç–µ—à–µ—Å—Ç–≤–∏–π —Å –∫—ç—à–±—ç–∫–æ–º –¥–æ 5% –Ω–∞ –æ—Ç–µ–ª–∏ –∏ —Ç–∞–∫—Å–∏. –ö—ç—à–±—ç–∫ 5% –Ω–∞ –ø–æ–∫—É–ø–∫–∏ –≤ –≤–∞–ª—é—Ç–µ! –û—Ñ–æ—Ä–º–∏—Ç–µ —Å–µ–π—á–∞—Å –∏ —ç–∫–æ–Ω–æ–º—å—Ç–µ –Ω–∞ –∫–∞–∂–¥–æ–π –ø–æ–µ–∑–¥–∫–µ.
CLIENT_037,–ü—Ä–µ–º–∏–∞–ª—å–Ω–∞—è –∫–∞—Ä—Ç–∞,üíé –ü—Ä–µ–º–∏–∞–ª—å–Ω–∞—è –∫–∞—Ä—Ç–∞ —Å —ç–∫—Å–∫–ª—é–∑–∏–≤–Ω—ã–º–∏ –ø—Ä–∏–≤–∏–ª–µ–≥–∏—è–º–∏. –î–æ—Å—Ç—É–ø –∫ VIP-–∑–∞–ª–∞–º –∏ –ø–µ—Ä—Å–æ–Ω–∞–ª—å–Ω–æ–º—É –º–µ–Ω–µ–¥–∂–µ—Ä—É! –ü–æ–≤—ã—Å—å—Ç–µ —Å—Ç–∞—Ç—É—Å —É–∂–µ —Å–µ–≥–æ–¥–Ω—è.
CLIENT_038,–ö–∞—Ä—Ç–∞ –¥–ª—è –ø—É—Ç–µ—à–µ—Å—Ç–≤–∏–π,üåç –ö–∞—Ä—Ç–∞ –¥–ª—è –ø—É—Ç–µ—à–µ—Å—Ç–≤–∏–π —Å –∫—ç—à–±—ç–∫–æ–º –¥–æ 5% –Ω–∞ –æ—Ç–µ–ª–∏ –∏ —Ç–∞–∫—Å–∏. –ö—ç—à–±—ç–∫ 5% –Ω–∞ –ø–æ–∫—É–ø–∫–∏ –≤ –≤–∞–ª—é—Ç–µ! –û—Ñ–æ—Ä–º–∏—Ç–µ —Å–µ–π—á–∞—Å –∏ —ç–∫–æ–Ω–æ–º—å—Ç–µ –Ω–∞ –∫–∞–∂–¥–æ–π –ø–æ–µ–∑–¥–∫–µ.
CLIENT_039,–ö–∞—Ä—Ç–∞ –¥–ª—è –ø—É—Ç–µ—à–µ—Å—Ç–≤–∏–π,üåç –ö–∞—Ä—Ç–∞ –¥–ª—è –ø—É—Ç–µ—à–µ—Å—Ç–≤–∏–π —Å –∫—ç—à–±—ç–∫–æ–º –¥–æ 5% –Ω–∞ –æ—Ç–µ–ª–∏ –∏ —Ç–∞–∫—Å–∏. –ö—ç—à–±—ç–∫ 5% –Ω–∞ –ø–æ–∫—É–ø–∫–∏ –≤ –≤–∞–ª—é—Ç–µ! –û—Ñ–æ—Ä–º–∏—Ç–µ —Å–µ–π—á–∞—Å –∏ —ç–∫–æ–Ω–æ–º—å—Ç–µ –Ω–∞ –∫–∞–∂–¥–æ–π –ø–æ–µ–∑–¥–∫–µ.
CLIENT_040,–ö–∞—Ä—Ç–∞ –¥–ª—è –ø—É—Ç–µ—à–µ—Å—Ç–≤–∏–π,üåç –ö–∞—Ä—Ç–∞ –¥–ª—è –ø—É—Ç–µ—à–µ—Å—Ç–≤–∏–π —Å –∫—ç—à–±—ç–∫–æ–º –¥–æ 5% –Ω–∞ –æ—Ç–µ–ª–∏ –∏ —Ç–∞–∫—Å–∏. –ö—ç—à–±—ç–∫ 5% –Ω–∞ –ø–æ–∫—É–ø–∫–∏ –≤ –≤–∞–ª—é—Ç–µ! –û—Ñ–æ—Ä–º–∏—Ç–µ —Å–µ–π—á–∞—Å –∏ —ç–∫–æ–Ω–æ–º—å—Ç–µ –Ω–∞ –∫–∞–∂–¥–æ–π –ø–æ–µ–∑–¥–∫–µ.
CLIENT_041,–ö–∞—Ä—Ç–∞ –¥–ª—è –ø—É—Ç–µ—à–µ—Å—Ç–≤–∏–π,üåç –ö–∞—Ä—Ç–∞ –¥–ª—è –ø—É—Ç–µ—à–µ—Å—Ç–≤–∏–π —Å –∫—ç—à–±—ç–∫–æ–º –¥–æ 5% –Ω–∞ –æ—Ç–µ–ª–∏ –∏ —Ç–∞–∫—Å–∏. –ö—ç—à–±—ç–∫ 5% –Ω–∞ –ø–æ–∫—É–ø–∫–∏ –≤ –≤–∞–ª—é—Ç–µ! –û—Ñ–æ—Ä–º–∏—Ç–µ —Å–µ–π—á–∞—Å –∏ —ç–∫–æ–Ω–æ–º—å—Ç–µ –Ω–∞ –∫–∞–∂–¥–æ–π –ø–æ–µ–∑–¥–∫–µ.
CLIENT_042,–ü—Ä–µ–º–∏–∞–ª—å–Ω–∞—è –∫–∞—Ä—Ç–∞,üíé –ü—Ä–µ–º–∏–∞–ª—å–Ω–∞—è –∫–∞—Ä—Ç–∞ —Å —ç–∫—Å–∫–ª—é–∑–∏–≤–Ω—ã–º–∏ –ø—Ä–∏–≤–∏–ª–µ–≥–∏—è–º–∏. –î–æ—Å—Ç—É–ø –∫ VIP-–∑–∞–ª–∞–º –∏ –ø–µ—Ä—Å–æ–Ω–∞–ª—å–Ω–æ–º—É –º–µ–Ω–µ–¥–∂–µ—Ä—É! –ü–æ–≤—ã—Å—å—Ç–µ —Å—Ç–∞—Ç—É—Å —É–∂–µ —Å–µ–≥–æ–¥–Ω—è.
CLIENT_043,–ö–∞—Ä—Ç–∞ –¥–ª—è –ø—É—Ç–µ—à–µ—Å—Ç–≤–∏–π,üåç –ö–∞—Ä—Ç–∞ –¥–ª—è –ø—É—Ç–µ—à–µ—Å—Ç–≤–∏–π —Å –∫—ç—à–±—ç–∫–æ–º –¥–æ 5% –Ω–∞ –æ—Ç–µ–ª–∏ –∏ —Ç–∞–∫—Å–∏. –ö—ç—à–±—ç–∫ 5% –Ω–∞ –ø–æ–∫—É–ø–∫–∏ –≤ –≤–∞–ª—é—Ç–µ! –û—Ñ–æ—Ä–º–∏—Ç–µ —Å–µ–π—á–∞—Å –∏ —ç–∫–æ–Ω–æ–º—å—Ç–µ –Ω–∞ –∫–∞–∂–¥–æ–π –ø–æ–µ–∑–¥–∫–µ.
CLIENT_044,–ü—Ä–µ–º–∏–∞–ª—å–Ω–∞—è –∫–∞—Ä—Ç–∞,üíé –ü—Ä–µ–º–∏–∞–ª—å–Ω–∞—è –∫–∞—Ä—Ç–∞ —Å —ç–∫—Å–∫–ª—é–∑–∏–≤–Ω—ã–º–∏ –ø—Ä–∏–≤–∏–ª–µ–≥–∏—è–º–∏. –î–æ—Å—Ç—É–ø –∫ VIP-–∑–∞–ª–∞–º –∏ –ø–µ—Ä—Å–æ–Ω–∞–ª—å–Ω–æ–º—É –º–µ–Ω–µ–¥–∂–µ—Ä—É! –ü–æ–≤—ã—Å—å—Ç–µ —Å—Ç–∞—Ç—É—Å —É–∂–µ —Å–µ–≥–æ–¥–Ω—è.
CLIENT_045,–ü—Ä–µ–º–∏–∞–ª—å–Ω–∞—è –∫–∞—Ä—Ç–∞,üíé –ü—Ä–µ–º–∏–∞–ª—å–Ω–∞—è –∫–∞—Ä—Ç–∞ —Å —ç–∫—Å–∫–ª—é–∑–∏–≤–Ω—ã–º–∏ –ø—Ä–∏–≤–∏–ª–µ–≥–∏—è–º–∏. –î–æ—Å—Ç—É–ø –∫ VIP-–∑–∞–ª–∞–º –∏ –ø–µ—Ä—Å–æ–Ω–∞–ª—å–Ω–æ–º—É –º–µ–Ω–µ–¥–∂–µ—Ä—É! –ü–æ–≤—ã—Å—å—Ç–µ —Å—Ç–∞—Ç—É—Å —É–∂–µ —Å–µ–≥–æ–¥–Ω—è.
CLIENT_046,–ü—Ä–µ–º–∏–∞–ª—å–Ω–∞—è –∫–∞—Ä—Ç–∞,üíé –ü—Ä–µ–º–∏–∞–ª—å–Ω–∞—è –∫–∞—Ä—Ç–∞ —Å —ç–∫—Å–∫–ª—é–∑–∏–≤–Ω—ã–º–∏ –ø—Ä–∏–≤–∏–ª–µ–≥–∏—è–º–∏. –î–æ—Å—Ç—É–ø –∫ VIP-–∑–∞–ª–∞–º –∏ –ø–µ—Ä—Å–æ–Ω–∞–ª—å–Ω–æ–º—É –º–µ–Ω–µ–¥–∂–µ—Ä—É! –ü–æ–≤—ã—Å—å—Ç–µ —Å—Ç–∞—Ç—É—Å —É–∂–µ —Å–µ–≥–æ–¥–Ω—è.
CLIENT_047,–ö–∞—Ä—Ç–∞ –¥–ª—è –ø—É—Ç–µ—à–µ—Å—Ç–≤–∏–π,üåç –ö–∞—Ä—Ç–∞ –¥–ª—è –ø—É—Ç–µ—à–µ—Å—Ç–≤–∏–π —Å –∫—ç—à–±—ç–∫–æ–º –¥–æ 5% –Ω–∞ –æ—Ç–µ–ª–∏ –∏ —Ç–∞–∫—Å–∏. –ö—ç—à–±—ç–∫ 5% –Ω–∞ –ø–æ–∫—É–ø–∫–∏ –≤ –≤–∞–ª—é—Ç–µ! –û—Ñ–æ—Ä–º–∏—Ç–µ —Å–µ–π—á–∞—Å –∏ —ç–∫–æ–Ω–æ–º—å—Ç–µ –Ω–∞ –∫–∞–∂–¥–æ–π –ø–æ–µ–∑–¥–∫–µ.
CLIENT_048,–ü—Ä–µ–º–∏–∞–ª—å–Ω–∞—è –∫–∞—Ä—Ç–∞,üíé –ü—Ä–µ–º–∏–∞–ª—å–Ω–∞—è –∫–∞—Ä—Ç–∞ —Å —ç–∫—Å–∫–ª—é–∑–∏–≤–Ω—ã–º–∏ –ø—Ä–∏–≤–∏–ª–µ–≥–∏—è–º–∏. –î–æ—Å—Ç—É–ø –∫ VIP-–∑–∞–ª–∞–º –∏ –ø–µ—Ä—Å–æ–Ω–∞–ª—å–Ω–æ–º—É –º–µ–Ω–µ–¥–∂–µ—Ä—É! –ü–æ–≤—ã—Å—å—Ç–µ —Å—Ç–∞—Ç—É—Å —É–∂–µ —Å–µ–≥–æ–¥–Ω—è.
CLIENT_049,–ü—Ä–µ–º–∏–∞–ª—å–Ω–∞—è –∫–∞—Ä—Ç–∞,üíé –ü—Ä–µ–º–∏–∞–ª—å–Ω–∞—è –∫–∞—Ä—Ç–∞ —Å —ç–∫—Å–∫–ª—é–∑–∏–≤–Ω—ã–º–∏ –ø—Ä–∏–≤–∏–ª–µ–≥–∏—è–º–∏. –î–æ—Å—Ç—É–ø –∫ VIP-–∑–∞–ª–∞–º –∏ –ø–µ—Ä—Å–æ–Ω–∞–ª—å–Ω–æ–º—É –º–µ–Ω–µ–¥–∂–µ—Ä—É! –ü–æ–≤—ã—Å—å—Ç–µ —Å—Ç–∞—Ç—É—Å —É–∂–µ —Å–µ–≥–æ–¥–Ω—è.
CLIENT_050,–ö–∞—Ä—Ç–∞ –¥–ª—è –ø—É—Ç–µ—à–µ—Å—Ç–≤–∏–π,üåç –ö–∞—Ä—Ç–∞ –¥–ª—è –ø—É—Ç–µ—à–µ—Å—Ç–≤–∏–π —Å –∫—ç—à–±—ç–∫–æ–º –¥–æ 5% –Ω–∞ –æ—Ç–µ–ª–∏ –∏ —Ç–∞–∫—Å–∏. –ö—ç—à–±—ç–∫ 5% –Ω–∞ –ø–æ–∫—É–ø–∫–∏ –≤ –≤–∞–ª—é—Ç–µ! –û—Ñ–æ—Ä–º–∏—Ç–µ —Å–µ–π—á–∞—Å –∏ —ç–∫–æ–Ω–æ–º—å—Ç–µ –Ω–∞ –∫–∞–∂–¥–æ–π –ø–æ–µ–∑–¥–∫–µ.
CLIENT_051,–ü—Ä–µ–º–∏–∞–ª—å–Ω–∞—è –∫–∞—Ä—Ç–∞,üíé –ü—Ä–µ–º–∏–∞–ª—å–Ω–∞—è –∫–∞—Ä—Ç–∞ —Å —ç–∫—Å–∫–ª—é–∑–∏–≤–Ω—ã–º–∏ –ø—Ä–∏–≤–∏–ª–µ–≥–∏—è–º–∏. –î–æ—Å—Ç—É–ø –∫ VIP-–∑–∞–ª–∞–º –∏ –ø–µ—Ä—Å–æ–Ω–∞–ª—å–Ω–æ–º—É –º–µ–Ω–µ–¥–∂–µ—Ä—É! –ü–æ–≤—ã—Å—å—Ç–µ —Å—Ç–∞—Ç—É—Å —É–∂–µ —Å–µ–≥–æ–¥–Ω—è.
CLIENT_052,–ü—Ä–µ–º–∏–∞–ª—å–Ω–∞—è –∫–∞—Ä—Ç–∞,üíé –ü—Ä–µ–º–∏–∞–ª—å–Ω–∞—è –∫–∞—Ä—Ç–∞ —Å —ç–∫—Å–∫–ª—é–∑–∏–≤–Ω—ã–º–∏ –ø—Ä–∏–≤–∏–ª–µ–≥–∏—è–º–∏. –î–æ—Å—Ç—É–ø –∫ VIP-–∑–∞–ª–∞–º –∏ –ø–µ—Ä—Å–æ–Ω–∞–ª—å–Ω–æ–º—É –º–µ–Ω–µ–¥–∂–µ—Ä—É! –ü–æ–≤—ã—Å—å—Ç–µ —Å—Ç–∞—Ç—É—Å —É–∂–µ —Å–µ–≥–æ–¥–Ω—è.
CLIENT_053,–û–±–º–µ–Ω –≤–∞–ª—é—Ç,üí± –í—ã–≥–æ–¥–Ω—ã–π –æ–±–º–µ–Ω –≤–∞–ª—é—Ç –±–µ–∑ –∫–æ–º–∏—Å—Å–∏–∏. –õ—É—á—à–∏–π –∫—É—Ä—Å –≤ –≥–æ—Ä–æ–¥–µ! –û–±–º–µ–Ω–∏–≤–∞–π—Ç–µ –≤–∞–ª—é—Ç—É –≤—ã–≥–æ–¥–Ω–æ –∏ –±–µ–∑–æ–ø–∞—Å–Ω–æ.
CLIENT_054,–ü—Ä–µ–º–∏–∞–ª—å–Ω–∞—è –∫–∞—Ä—Ç–∞,üíé –ü—Ä–µ–º–∏–∞–ª—å–Ω–∞—è –∫–∞—Ä—Ç–∞ —Å —ç–∫—Å–∫–ª—é–∑–∏–≤–Ω—ã–º–∏ –ø—Ä–∏–≤–∏–ª–µ–≥–∏—è–º–∏. –î–æ—Å—Ç—É–ø –∫ VIP-–∑–∞–ª–∞–º –∏ –ø–µ—Ä—Å–æ–Ω–∞–ª—å–Ω–æ–º—É –º–µ–Ω–µ–¥–∂–µ—Ä—É! –ü–æ–≤—ã—Å—å—Ç–µ —Å—Ç–∞—Ç—É—Å —É–∂–µ —Å–µ–≥–æ–¥–Ω—è.
CLIENT_055,–ü—Ä–µ–º–∏–∞–ª—å–Ω–∞—è –∫–∞—Ä—Ç–∞,üíé –ü—Ä–µ–º–∏–∞–ª—å–Ω–∞—è –∫–∞—Ä—Ç–∞ —Å —ç–∫—Å–∫–ª—é–∑–∏–≤–Ω—ã–º–∏ –ø—Ä–∏–≤–∏–ª–µ–≥–∏—è–º–∏. –î–æ—Å—Ç—É–ø –∫ VIP-–∑–∞–ª–∞–º –∏ –ø–µ—Ä—Å–æ–Ω–∞–ª—å–Ω–æ–º—É –º–µ–Ω–µ–¥–∂–µ—Ä—É! –ü–æ–≤—ã—Å—å—Ç–µ —Å—Ç–∞—Ç—É—Å —É–∂–µ —Å–µ–≥–æ–¥–Ω—è.
CLIENT_056,–ö–∞—Ä—Ç–∞ –¥–ª—è –ø—É—Ç–µ—à–µ—Å—Ç–≤–∏–π,üåç –ö–∞—Ä—Ç–∞ –¥–ª—è –ø—É—Ç–µ—à–µ—Å—Ç–≤–∏–π —Å –∫—ç—à–±—ç–∫–æ–º –¥–æ 5% –Ω–∞ –æ—Ç–µ–ª–∏ –∏ —Ç–∞–∫—Å–∏. –ö—ç—à–±—ç–∫ 5% –Ω–∞ –ø–æ–∫—É–ø–∫–∏ –≤ –≤–∞–ª—é—Ç–µ! –û—Ñ–æ—Ä–º–∏—Ç–µ —Å–µ–π—á–∞—Å –∏ —ç–∫–æ–Ω–æ–º—å—Ç–µ –Ω–∞ –∫–∞–∂–¥–æ–π –ø–æ–µ–∑–¥–∫–µ.
CLIENT_057,–ö–∞—Ä—Ç–∞ –¥–ª—è –ø—É—Ç–µ—à–µ—Å—Ç–≤–∏–π,üåç –ö–∞—Ä—Ç–∞ –¥–ª—è –ø—É—Ç–µ—à–µ—Å—Ç–≤–∏–π —Å –∫—ç—à–±—ç–∫–æ–º –¥–æ 5% –Ω–∞ –æ—Ç–µ–ª–∏ –∏ —Ç–∞–∫—Å–∏. –ö—ç—à–±—ç–∫ 5% –Ω–∞ –ø–æ–∫—É–ø–∫–∏ –≤ –≤–∞–ª—é—Ç–µ! –û—Ñ–æ—Ä–º–∏—Ç–µ —Å–µ–π—á–∞—Å –∏ —ç–∫–æ–Ω–æ–º—å—Ç–µ –Ω–∞ –∫–∞–∂–¥–æ–π –ø–æ–µ–∑–¥–∫–µ.
CLIENT_058,–ü—Ä–µ–º–∏–∞–ª—å–Ω–∞—è –∫–∞—Ä—Ç–∞,üíé –ü—Ä–µ–º–∏–∞–ª—å–Ω–∞—è –∫–∞—Ä—Ç–∞ —Å —ç–∫—Å–∫–ª—é–∑–∏–≤–Ω—ã–º–∏ –ø—Ä–∏–≤–∏–ª–µ–≥–∏—è–º–∏. –î–æ—Å—Ç—É–ø –∫ VIP-–∑–∞–ª–∞–º –∏ –ø–µ—Ä—Å–æ–Ω–∞–ª—å–Ω–æ–º—É –º–µ–Ω–µ–¥–∂–µ—Ä—É! –ü–æ–≤—ã—Å—å—Ç–µ —Å—Ç–∞—Ç—É—Å —É–∂–µ —Å–µ–≥–æ–¥–Ω—è.
CLIENT_059,–ü—Ä–µ–º–∏–∞–ª—å–Ω–∞—è –∫–∞—Ä—Ç–∞,üíé –ü—Ä–µ–º–∏–∞–ª—å–Ω–∞—è –∫–∞—Ä—Ç–∞ —Å —ç–∫—Å–∫–ª—é–∑–∏–≤–Ω—ã–º–∏ –ø—Ä–∏–≤–∏–ª–µ–≥–∏—è–º–∏. –î–æ—Å—Ç—É–ø –∫ VIP-–∑–∞–ª–∞–º –∏ –ø–µ—Ä—Å–æ–Ω–∞–ª—å–Ω–æ–º—É –º–µ–Ω–µ–¥–∂–µ—Ä—É! –ü–æ–≤—ã—Å—å—Ç–µ —Å—Ç–∞—Ç—É—Å —É–∂–µ —Å–µ–≥–æ–¥–Ω—è.
CLIENT_060,–û–±–º–µ–Ω –≤–∞–ª—é—Ç,üí± –í—ã–≥–æ–¥–Ω—ã–π –æ–±–º–µ–Ω –≤–∞–ª—é—Ç –±–µ–∑ –∫–æ–º–∏—Å—Å–∏–∏. –õ—É—á—à–∏–π –∫—É—Ä—Å –≤ –≥–æ—Ä–æ–¥–µ! –û–±–º–µ–Ω–∏–≤–∞–π—Ç–µ –≤–∞–ª—é—Ç—É –≤—ã–≥–æ–¥–Ω–æ –∏ –±–µ–∑–æ–ø–∞—Å–Ω–æ.
